model,augmentation,class,metric,estimate,lo,hi,n
cascade_rcnn,albumentations_balanced,Quartzity,precision,0.3333,0.1222,0.6423,18
cascade_rcnn,albumentations_balanced,Quartzity,recall,0.4,0.1488,0.7178,15
cascade_rcnn,albumentations_balanced,Live_Knot,precision,0.8351,0.7768,0.8805,382
cascade_rcnn,albumentations_balanced,Live_Knot,recall,0.8076,0.7479,0.8559,395
cascade_rcnn,albumentations_balanced,Marrow,precision,0.7917,0.5127,0.9321,24
cascade_rcnn,albumentations_balanced,Marrow,recall,0.9048,0.6143,0.9827,21
cascade_rcnn,albumentations_balanced,resin,precision,0.8333,0.667,0.9258,60
cascade_rcnn,albumentations_balanced,resin,recall,0.7812,0.6149,0.8887,64
cascade_rcnn,albumentations_balanced,Dead_Knot,precision,0.8415,0.7709,0.8934,265
cascade_rcnn,albumentations_balanced,Dead_Knot,recall,0.777,0.7033,0.8367,287
cascade_rcnn,albumentations_balanced,knot_with_crack,precision,0.64,0.4477,0.7959,50
cascade_rcnn,albumentations_balanced,knot_with_crack,recall,0.6809,0.4816,0.8305,47
cascade_rcnn,albumentations_balanced,Knot_missing,precision,0.7273,0.3374,0.9332,11
cascade_rcnn,albumentations_balanced,Knot_missing,recall,0.6667,0.3037,0.9017,12
cascade_rcnn,albumentations_balanced,Crack,precision,0.5584,0.4054,0.7011,77
cascade_rcnn,albumentations_balanced,Crack,recall,0.8431,0.662,0.9365,51
cascade_rcnn,baseline,Quartzity,precision,0.28,0.1093,0.552,25
cascade_rcnn,baseline,Quartzity,recall,0.4667,0.1898,0.7657,15
cascade_rcnn,baseline,Live_Knot,precision,0.8588,0.8007,0.902,354
cascade_rcnn,baseline,Live_Knot,recall,0.7696,0.707,0.8222,395
cascade_rcnn,baseline,Marrow,precision,0.8182,0.5271,0.9478,22
cascade_rcnn,baseline,Marrow,recall,0.8571,0.561,0.9657,21
cascade_rcnn,baseline,resin,precision,0.8421,0.6721,0.9328,57
cascade_rcnn,baseline,resin,recall,0.75,0.5814,0.8663,64
cascade_rcnn,baseline,Dead_Knot,precision,0.881,0.8139,0.926,252
cascade_rcnn,baseline,Dead_Knot,recall,0.7735,0.6995,0.8336,287
cascade_rcnn,baseline,knot_with_crack,precision,0.5517,0.3777,0.714,58
cascade_rcnn,baseline,knot_with_crack,recall,0.6809,0.4816,0.8305,47
cascade_rcnn,baseline,Knot_missing,precision,0.8182,0.4123,0.9665,11
cascade_rcnn,baseline,Knot_missing,recall,0.75,0.3691,0.939,12
cascade_rcnn,baseline,Crack,precision,0.5455,0.3932,0.6896,77
cascade_rcnn,baseline,Crack,recall,0.8235,0.6397,0.9246,51
cascade_rcnn,boxaug_libcom,Quartzity,precision,0.25,0.097,0.5083,28
cascade_rcnn,boxaug_libcom,Quartzity,recall,0.4667,0.1898,0.7657,15
cascade_rcnn,boxaug_libcom,Live_Knot,precision,0.8529,0.7953,0.8964,367
cascade_rcnn,boxaug_libcom,Live_Knot,recall,0.7924,0.7314,0.8425,395
cascade_rcnn,boxaug_libcom,Marrow,precision,0.7826,0.4975,0.929,23
cascade_rcnn,boxaug_libcom,Marrow,recall,0.8571,0.561,0.9657,21
cascade_rcnn,boxaug_libcom,resin,precision,0.8966,0.7388,0.9637,58
cascade_rcnn,boxaug_libcom,resin,recall,0.8125,0.6494,0.9102,64
cascade_rcnn,boxaug_libcom,Dead_Knot,precision,0.905,0.8406,0.945,242
cascade_rcnn,boxaug_libcom,Dead_Knot,recall,0.7631,0.6883,0.8245,287
cascade_rcnn,boxaug_libcom,knot_with_crack,precision,0.6316,0.4514,0.7813,57
cascade_rcnn,boxaug_libcom,knot_with_crack,recall,0.766,0.5684,0.8905,47
cascade_rcnn,boxaug_libcom,Knot_missing,precision,0.6,0.2822,0.8512,15
cascade_rcnn,boxaug_libcom,Knot_missing,recall,0.75,0.3691,0.939,12
cascade_rcnn,boxaug_libcom,Crack,precision,0.6301,0.4704,0.7657,73
cascade_rcnn,boxaug_libcom,Crack,recall,0.902,0.7325,0.9687,51
cascade_rcnn,boxaug_standard,Quartzity,precision,0.25,0.0901,0.5286,24
cascade_rcnn,boxaug_standard,Quartzity,recall,0.4,0.1488,0.7178,15
cascade_rcnn,boxaug_standard,Live_Knot,precision,0.8505,0.7928,0.8944,368
cascade_rcnn,boxaug_standard,Live_Knot,recall,0.7924,0.7314,0.8425,395
cascade_rcnn,boxaug_standard,Marrow,precision,0.7917,0.5127,0.9321,24
cascade_rcnn,boxaug_standard,Marrow,recall,0.9048,0.6143,0.9827,21
cascade_rcnn,boxaug_standard,resin,precision,0.7937,0.6271,0.8979,63
cascade_rcnn,boxaug_standard,resin,recall,0.7812,0.6149,0.8887,64
cascade_rcnn,boxaug_standard,Dead_Knot,precision,0.8821,0.8143,0.9274,246
cascade_rcnn,boxaug_standard,Dead_Knot,recall,0.7561,0.6809,0.8183,287
cascade_rcnn,boxaug_standard,knot_with_crack,precision,0.5593,0.386,0.7193,59
cascade_rcnn,boxaug_standard,knot_with_crack,recall,0.7021,0.5027,0.8461,47
cascade_rcnn,boxaug_standard,Knot_missing,precision,0.8182,0.4123,0.9665,11
cascade_rcnn,boxaug_standard,Knot_missing,recall,0.75,0.3691,0.939,12
cascade_rcnn,boxaug_standard,Crack,precision,0.5972,0.4374,0.7388,72
cascade_rcnn,boxaug_standard,Crack,recall,0.8431,0.662,0.9365,51
rf_detr,albumentations_balanced,Quartzity,precision,0.2821,0.1333,0.501,39
rf_detr,albumentations_balanced,Quartzity,recall,0.7333,0.3891,0.9223,15
rf_detr,albumentations_balanced,Live_Knot,precision,0.7842,0.7213,0.8361,380
rf_detr,albumentations_balanced,Live_Knot,recall,0.7544,0.6908,0.8086,395
rf_detr,albumentations_balanced,Marrow,precision,0.75,0.4714,0.9099,24
rf_detr,albumentations_balanced,Marrow,recall,0.8571,0.561,0.9657,21
rf_detr,albumentations_balanced,resin,precision,0.5758,0.4394,0.7015,99
rf_detr,albumentations_balanced,resin,recall,0.8906,0.7409,0.9587,64
rf_detr,albumentations_balanced,Dead_Knot,precision,0.8397,0.7684,0.8921,262
rf_detr,albumentations_balanced,Dead_Knot,recall,0.7666,0.692,0.8275,287
rf_detr,albumentations_balanced,knot_with_crack,precision,0.3814,0.2597,0.5201,97
rf_detr,albumentations_balanced,knot_with_crack,recall,0.7872,0.5912,0.9045,47
rf_detr,albumentations_balanced,Knot_missing,precision,0.625,0.3091,0.8613,16
rf_detr,albumentations_balanced,Knot_missing,recall,0.8333,0.4414,0.9694,12
rf_detr,albumentations_balanced,Crack,precision,0.4563,0.3297,0.5889,103
rf_detr,albumentations_balanced,Crack,recall,0.9216,0.7575,0.9779,51
rf_detr,baseline,Quartzity,precision,0.1846,0.0884,0.3459,65
rf_detr,baseline,Quartzity,recall,0.8,0.4488,0.9516,15
rf_detr,baseline,Live_Knot,precision,0.7807,0.7178,0.8328,383
rf_detr,baseline,Live_Knot,recall,0.757,0.6935,0.8108,395
rf_detr,baseline,Marrow,precision,0.7143,0.4569,0.8814,28
rf_detr,baseline,Marrow,recall,0.9524,0.6723,0.9949,21
rf_detr,baseline,resin,precision,0.5934,0.4508,0.7218,91
rf_detr,baseline,resin,recall,0.8438,0.685,0.9306,64
rf_detr,baseline,Dead_Knot,precision,0.8121,0.7407,0.8673,282
rf_detr,baseline,Dead_Knot,recall,0.7979,0.7259,0.8548,287
rf_detr,baseline,knot_with_crack,precision,0.4,0.2748,0.5398,95
rf_detr,baseline,knot_with_crack,recall,0.8085,0.6144,0.918,47
rf_detr,baseline,Knot_missing,precision,0.6,0.2822,0.8512,15
rf_detr,baseline,Knot_missing,recall,0.75,0.3691,0.939,12
rf_detr,baseline,Crack,precision,0.4563,0.3297,0.5889,103
rf_detr,baseline,Crack,recall,0.9216,0.7575,0.9779,51
rf_detr,boxaug_libcom,Quartzity,precision,0.1961,0.0877,0.3821,51
rf_detr,boxaug_libcom,Quartzity,recall,0.6667,0.3337,0.8887,15
rf_detr,boxaug_libcom,Live_Knot,precision,0.7979,0.7362,0.8482,381
rf_detr,boxaug_libcom,Live_Knot,recall,0.7696,0.707,0.8222,395
rf_detr,boxaug_libcom,Marrow,precision,0.6667,0.4202,0.8466,30
rf_detr,boxaug_libcom,Marrow,recall,0.9524,0.6723,0.9949,21
rf_detr,boxaug_libcom,resin,precision,0.6923,0.538,0.813,78
rf_detr,boxaug_libcom,resin,recall,0.8438,0.685,0.9306,64
rf_detr,boxaug_libcom,Dead_Knot,precision,0.8346,0.7642,0.887,272
rf_detr,boxaug_libcom,Dead_Knot,recall,0.7909,0.7183,0.8488,287
rf_detr,boxaug_libcom,knot_with_crack,precision,0.3878,0.2657,0.5257,98
rf_detr,boxaug_libcom,knot_with_crack,recall,0.8085,0.6144,0.918,47
rf_detr,boxaug_libcom,Knot_missing,precision,0.2564,0.1161,0.4751,39
rf_detr,boxaug_libcom,Knot_missing,recall,0.8333,0.4414,0.9694,12
rf_detr,boxaug_libcom,Crack,precision,0.3983,0.2847,0.524,118
rf_detr,boxaug_libcom,Crack,recall,0.9216,0.7575,0.9779,51
rf_detr,boxaug_standard,Quartzity,precision,0.2075,0.0966,0.3908,53
rf_detr,boxaug_standard,Quartzity,recall,0.7333,0.3891,0.9223,15
rf_detr,boxaug_standard,Live_Knot,precision,0.7792,0.7164,0.8314,385
rf_detr,boxaug_standard,Live_Knot,recall,0.7595,0.6962,0.8131,395
rf_detr,boxaug_standard,Marrow,precision,0.5556,0.3397,0.7523,36
rf_detr,boxaug_standard,Marrow,recall,0.9524,0.6723,0.9949,21
rf_detr,boxaug_standard,resin,precision,0.6173,0.4657,0.749,81
rf_detr,boxaug_standard,resin,recall,0.7812,0.6149,0.8887,64
rf_detr,boxaug_standard,Dead_Knot,precision,0.8097,0.7391,0.8647,289
rf_detr,boxaug_standard,Dead_Knot,recall,0.8153,0.745,0.8697,287
rf_detr,boxaug_standard,knot_with_crack,precision,0.3592,0.2436,0.4939,103
rf_detr,boxaug_standard,knot_with_crack,recall,0.7872,0.5912,0.9045,47
rf_detr,boxaug_standard,Knot_missing,precision,0.5556,0.2696,0.8089,18
rf_detr,boxaug_standard,Knot_missing,recall,0.8333,0.4414,0.9694,12
rf_detr,boxaug_standard,Crack,precision,0.4299,0.3079,0.5611,107
rf_detr,boxaug_standard,Crack,recall,0.902,0.7325,0.9687,51
yolo26,albumentations_balanced,Quartzity,precision,0.4545,0.1557,0.7902,11
yolo26,albumentations_balanced,Quartzity,recall,0.3333,0.1113,0.6663,15
yolo26,albumentations_balanced,Live_Knot,precision,0.7742,0.7099,0.8277,372
yolo26,albumentations_balanced,Live_Knot,recall,0.7291,0.6641,0.7856,395
yolo26,albumentations_balanced,Marrow,precision,0.7727,0.4814,0.9257,22
yolo26,albumentations_balanced,Marrow,recall,0.8095,0.5113,0.9453,21
yolo26,albumentations_balanced,resin,precision,0.7391,0.5765,0.855,69
yolo26,albumentations_balanced,resin,recall,0.7969,0.632,0.8996,64
yolo26,albumentations_balanced,Dead_Knot,precision,0.8255,0.7545,0.8792,275
yolo26,albumentations_balanced,Dead_Knot,recall,0.7909,0.7183,0.8488,287
yolo26,albumentations_balanced,knot_with_crack,precision,0.4932,0.3414,0.6462,73
yolo26,albumentations_balanced,knot_with_crack,recall,0.766,0.5684,0.8905,47
yolo26,albumentations_balanced,Knot_missing,precision,0.8333,0.3149,0.9819,6
yolo26,albumentations_balanced,Knot_missing,recall,0.4167,0.1415,0.7558,12
yolo26,albumentations_balanced,Crack,precision,0.5352,0.3779,0.6858,71
yolo26,albumentations_balanced,Crack,recall,0.7451,0.5548,0.8727,51
yolo26,baseline,Quartzity,precision,0.5,0.1902,0.8098,12
yolo26,baseline,Quartzity,recall,0.4,0.1488,0.7178,15
yolo26,baseline,Live_Knot,precision,0.7956,0.7319,0.8473,362
yolo26,baseline,Live_Knot,recall,0.7291,0.6641,0.7856,395
yolo26,baseline,Marrow,precision,0.8261,0.542,0.9502,23
yolo26,baseline,Marrow,recall,0.9048,0.6143,0.9827,21
yolo26,baseline,resin,precision,0.7377,0.5641,0.8594,61
yolo26,baseline,resin,recall,0.7031,0.5326,0.8312,64
yolo26,baseline,Dead_Knot,precision,0.8401,0.77,0.8919,269
yolo26,baseline,Dead_Knot,recall,0.7875,0.7146,0.8458,287
yolo26,baseline,knot_with_crack,precision,0.5323,0.3651,0.6925,62
yolo26,baseline,knot_with_crack,recall,0.7021,0.5027,0.8461,47
yolo26,baseline,Knot_missing,precision,0.8333,0.3149,0.9819,6
yolo26,baseline,Knot_missing,recall,0.4167,0.1415,0.7558,12
yolo26,baseline,Crack,precision,0.5902,0.4175,0.7431,61
yolo26,baseline,Crack,recall,0.7059,0.5145,0.8446,51
yolo26,boxaug_libcom,Quartzity,precision,0.2667,0.0777,0.6109,15
yolo26,boxaug_libcom,Quartzity,recall,0.2667,0.0777,0.6109,15
yolo26,boxaug_libcom,Live_Knot,precision,0.7692,0.7062,0.8222,390
yolo26,boxaug_libcom,Live_Knot,recall,0.7595,0.6962,0.8131,395
yolo26,boxaug_libcom,Marrow,precision,0.85,0.5456,0.964,20
yolo26,boxaug_libcom,Marrow,recall,0.8095,0.5113,0.9453,21
yolo26,boxaug_libcom,resin,precision,0.7414,0.5633,0.8643,58
yolo26,boxaug_libcom,resin,recall,0.6719,0.501,0.8068,64
yolo26,boxaug_libcom,Dead_Knot,precision,0.8566,0.7858,0.9068,251
yolo26,boxaug_libcom,Dead_Knot,recall,0.7491,0.6734,0.8122,287
yolo26,boxaug_libcom,knot_with_crack,precision,0.5303,0.368,0.6865,66
yolo26,boxaug_libcom,knot_with_crack,recall,0.7447,0.5461,0.8761,47
yolo26,boxaug_libcom,Knot_missing,precision,1.0,0.4452,1.0,6
yolo26,boxaug_libcom,Knot_missing,recall,0.5,0.1902,0.8098,12
yolo26,boxaug_libcom,Crack,precision,0.6452,0.4718,0.7873,62
yolo26,boxaug_libcom,Crack,recall,0.7843,0.5965,0.8995,51
yolo26,boxaug_standard,Quartzity,precision,0.4545,0.1557,0.7902,11
yolo26,boxaug_standard,Quartzity,recall,0.3333,0.1113,0.6663,15
yolo26,boxaug_standard,Live_Knot,precision,0.8011,0.7379,0.8521,362
yolo26,boxaug_standard,Live_Knot,recall,0.7342,0.6695,0.7902,395
yolo26,boxaug_standard,Marrow,precision,0.7407,0.4779,0.8992,27
yolo26,boxaug_standard,Marrow,recall,0.9524,0.6723,0.9949,21
yolo26,boxaug_standard,resin,precision,0.7937,0.6271,0.8979,63
yolo26,boxaug_standard,resin,recall,0.7812,0.6149,0.8887,64
yolo26,boxaug_standard,Dead_Knot,precision,0.8013,0.731,0.8569,297
yolo26,boxaug_standard,Dead_Knot,recall,0.8293,0.7604,0.8814,287
yolo26,boxaug_standard,knot_with_crack,precision,0.4805,0.3336,0.6309,77
yolo26,boxaug_standard,knot_with_crack,recall,0.7872,0.5912,0.9045,47
yolo26,boxaug_standard,Knot_missing,precision,0.8333,0.3149,0.9819,6
yolo26,boxaug_standard,Knot_missing,recall,0.4167,0.1415,0.7558,12
yolo26,boxaug_standard,Crack,precision,0.5968,0.4251,0.7476,62
yolo26,boxaug_standard,Crack,recall,0.7255,0.5345,0.8588,51
